,croissance_population,food_proportion_animal_protein,food_protein_g_capita_day,food_supply_kcal_capita_day,animals_proportion_poultry_protein,poultry_food_proportion_import,gdp_per_capita_usd,income_variability,taux_urbanisation,political_stability,doing_business_score
cluster 1,0.01601938789558638,0.5183993579599387,93.32225000000001,3120.875,0.16680904946096267,0.40878115828304107,14406.064792487323,1.1582372866403656,0.6754346749627338,0.2773,76.93621250000002
cluster 2,0.11117516583605773,0.6118910860461183,107.63857142857144,3396.6190476190477,0.18052050114045984,0.31395544136435516,57340.16741042857,0.7330984288233812,0.8148329810921423,0.8766666666666667,83.04158730158731
cluster 3,0.05306250992320396,0.6135729890339273,103.29400000000001,3147.8,0.12709769742184215,2.443741830105036,45722.811322999994,0.929052084369735,0.8514157548595767,0.612,80.42999999999999
cluster 4,0.2701738553005516,0.21639607229526295,60.54382352941176,2366.764705882353,0.07044360169041143,0.10159619222585235,1149.746264441177,1.0024458812328891,0.3228919677418145,-0.920294117647059,55.209732620320864
cluster 5,0.6556168214358594,0.42606665892546025,92.00833333333333,3224.1666666666665,0.3389969209008214,0.6533991926676869,25126.139278000002,1.6499205045932601,0.811456582268811,-0.20166666666666666,64.85333333333334
cluster 6,0.17917366939685272,0.3613557714555495,75.67717948717947,2781.25641025641,0.19517393575450198,0.3439961057688558,4278.738497717948,0.8304804129463008,0.5284519598328025,-0.28076923076923077,62.69939743589743
cluster 7,0.10792045076431823,0.5454993409636979,83.13066666666666,2786.866666666667,0.3331366683897336,0.961101738907333,10486.584602466666,1.5295370635810719,0.4417401819049827,0.636,61.522
cluster 8,0.23422267652408088,0.3939423857028431,59.930714285714295,2408.285714285714,0.2648246818216135,0.523159511554164,5283.200366785714,2.1650184087979074,0.5746353320628341,-0.6302857142857142,51.47857142857142
