,standard,hessian,modified,ltsa
2,2.26612859872622e-17,5.197251754633449e-14,1.6246948803451967e-16,4.996753368123999e-15
3,4.6870637725574166e-18,6.546622125995205e-14,2.9972739625340507e-06,4.8577762469670275e-15
4,3.59571306762584e-17,2.400759321568851e-14,1.0936133921215988e-13,1.274100200329347e-13
5,2.0758920055733926e-16,7.500804033745629e-14,0.0,52.000918978802645
6,5.479960083656063e-16,6.584026200031956e-14,0.0,72.45056556778991
